0.936053,0.752621,-0.545505,-0.11037,0.000639649
0.935973,0.743853,-0.542176,-0.169624,0.000658271
0.965697,0.750976,-0.593104,-0.129743,0.000955982
0.935947,0.757788,-0.547068,-0.049702,0.000274861
0.904256,0.750666,-0.49614,-0.0895834,0.00116232
1.03495,0.514123,-0.816315,0.374745,0.00183566
1.03771,0.557308,-0.805893,0.341745,0.000798461
1.01272,0.53253,-0.771748,0.382646,0.00215553
0.889363,0.639767,-0.533532,0.311461,0.00101443
0.916389,0.629998,-0.57999,0.326317,0.00123802
0.88193,0.597533,-0.536007,0.36531,0.000933114
0.853497,0.634823,-0.478646,0.310412,0.000945032
0.88999,0.667288,-0.522629,0.271418,0.00167111
0.929546,0.754858,-0.542351,0.0100366,0.000344582
0.960734,0.756813,-0.591717,-0.0107496,0.000756061
0.90629,0.32086,-0.663159,0.527855,0.00217863
0.915761,0.377512,-0.661644,0.508262,0.00196911
0.883607,0.35651,-0.618291,0.520939,0.00464116
0.893268,0.456621,-0.60128,0.477376,0.00554537
0.85772,0.468627,-0.543472,0.469798,0.0034788
0.858499,0.425168,-0.558969,0.493768,0.00124178
1.03338,0.46723,-0.82814,0.404666,0.00202307
1.05732,0.492007,-0.862286,0.363765,0.00180995
1.00476,0.440678,-0.787726,0.441396,0.000132724
1.02738,0.418562,-0.833697,0.430416,0.00176034
0.943499,0.607376,-0.631054,0.350793,0.00171753
0.951463,0.649611,-0.628579,0.296944,0.000695977
0.843437,0.178798,-0.523684,-0.636532,0.00262998
0.843516,0.226884,-0.510086,-0.632341,0.0014519
0.874042,0.208949,-0.560626,-0.637173,0.00108125
0.523961,0.327639,-0.119273,-0.391104,0.0108341
0.561549,0.364892,-0.144951,-0.401473,0.00255826
0.575905,0.332969,-0.163324,-0.440595,0.00634788
0.482975,0.315009,-0.088814,-0.355171,0.00431069
0.460505,0.336706,-0.069061,-0.306472,0.00565076
0.429522,0.292152,-0.0569746,-0.309662,0.00133254
0.497085,0.283086,-0.107186,-0.394293,0.0229957
0.523948,0.249368,-0.137109,-0.43993,0.00642873
0.480242,0.236739,-0.10665,-0.403997,0.00248227
0.384146,0.321678,-0.0236142,-0.208648,0.00471258
0.349796,0.274008,-0.0153155,-0.216892,0.00258016
0.326375,0.281837,-0.00170807,-0.164578,0.00304694
0.551476,0.398232,-0.126953,-0.35975,0.00460549
0.599653,0.403562,-0.171004,-0.409242,0.00678685
0.445438,0.361708,-0.0530222,-0.254502,0.00254177
0.495074,0.384565,-0.0848617,-0.300012,0.0039779
0.423073,0.369537,-0.0394148,-0.202188,0.00305557
0.534938,0.423234,-0.110914,-0.30778,0.00378762
0.580778,0.461574,-0.141178,-0.322989,0.00503803
0.528903,0.447906,-0.0990868,-0.26325,0.00691746
0.639371,0.4434,-0.203738,-0.413137,0.00113533
0.651317,0.41006,-0.221736,-0.45486,0.00485076
0.678404,0.479727,-0.236508,-0.417321,0.00190105
0.72233,0.492315,-0.284482,-0.445484,0.00696016
0.711986,0.522144,-0.26652,-0.40405,0.00244979
0.629779,0.473229,-0.185776,-0.371703,0.00739128
0.620649,0.497901,-0.173949,-0.327172,0.00231228
0.675176,0.440819,-0.303599,0.411543,0.00329335
0.679414,0.402182,-0.322739,0.442371,0.00114547
0.723212,0.442169,-0.363513,0.442018,0.00111998
0.679092,0.482599,-0.294374,0.376307,0.00181506
0.634107,0.442613,-0.2536,0.376661,0.00167699
0.531027,0.521154,-0.101306,0.0112094,0.000803818
0.56801,0.553518,-0.127096,-0.0100233,0.00660332
0.539323,0.5265,-0.101101,-0.0586991,0.00249761
0.516069,0.503323,-0.0956615,0.0619899,0.000302531
0.535819,0.511346,-0.115886,0.110443,0.00447899
0.487221,0.466498,-0.0842474,0.112548,0.00161871
0.481557,0.476305,-0.0696671,0.0133142,0.00530032
0.456365,0.452542,-0.052347,-0.0271139,0.000493906
0.437852,0.434711,-0.0467024,0.0236666,0.0041507
0.488893,0.359712,-0.129735,0.304619,0.00395407
0.487135,0.315266,-0.144913,0.341918,0.00133259
0.536578,0.359464,-0.176525,0.357128,0.00647635
0.454185,0.358162,-0.0980511,0.261514,0.00156525
0.389089,0.306689,-0.0642602,0.230657,0.000924025
0.408985,0.349337,-0.0641884,0.202762,0.00326049
0.505255,0.40236,-0.129663,0.276724,0.000713441
0.291375,0.291291,0.00635337,0.00290248,0.0109494
0.245161,0.244629,0.0158098,-0.00328714,0.0159248
0.28668,0.281266,0.0114653,-0.054255,0.0053981
0.877126,-0.222391,-0.759987,0.377243,0.00059794
0.898903,-0.236206,-0.795544,0.345462,0.00146896
0.916799,-0.19167,-0.812659,0.378641,0.00527739
1.04687,-0.232509,-1.02059,0.0165378,0.0035843
1.03953,-0.249551,-1.00852,-0.0350173,0.000865548
1.02108,-0.270908,-0.984471,0.0053005,0.0036887
1.15616,0.0297291,-1.15577,0.00282414,0.00103685
1.16613,0.066201,-1.16309,-0.0518501,0.000607111
1.16939,0.0925987,-1.16569,-0.00771314,0.00105003
1.04725,-0.140112,-1.01102,0.234397,0.00132856
1.01555,-0.170284,-0.965041,0.266542,0.00554358
1.03366,-0.126384,-0.987088,0.279534,0.00146484
1.07581,-0.105614,-1.05177,0.200003,0.000660271
1.1038,-0.0647149,-1.0906,0.157405,0.00281339
1.09269,-0.0553118,-1.0719,0.204792,0.00201039
1.05719,-0.149515,-1.02972,0.18701,0.00166663
1.06626,-0.158498,-1.04465,0.143201,0.00261697
1.03759,-0.192996,-1.0039,0.177595,0.00147995
1.12324,-0.0363939,-1.11719,0.110609,0.0027915
1.14224,-0.00112415,-1.14101,0.0529928,0.00264412
1.13955,0.0208572,-1.13455,0.104577,0.00449144
1.10555,-0.0866962,-1.09706,0.10582,0.00298699
1.13877,-0.0275219,-1.13841,0.00885576,0.00532236
1.11998,-0.0838134,-1.11674,0.0149185,0.0025563
1.1333,-0.0529601,-1.13151,-0.0352501,0.00207942
1.17292,0.0927935,-1.16481,-0.101703,0.000995178
1.17555,0.126469,-1.15907,-0.149953,0.000547405
1.18374,0.162746,-1.16727,-0.110638,0.000939026
1.15887,0.0299239,-1.1549,-0.091166,0.03555
0.930808,0.423654,-0.593651,-0.57836,0.00335935
0.957846,0.404332,-0.644283,-0.582137,0.00347664
0.9643,0.446449,-0.644399,-0.561522,0.00182052
1.04837,0.730719,-0.745005,-0.100485,0.00109045
1.02274,0.736963,-0.694175,-0.144961,0.00123157
1.04647,0.721682,-0.741929,-0.154306,0.00143947
0.99775,0.714427,-0.650237,-0.249584,0.00591831
0.969549,0.721568,-0.599575,-0.244692,0.00349313
0.99402,0.735066,-0.640437,-0.193889,0.000929317
1.11283,0.533956,-0.946804,0.238429,0.00151211
1.12935,0.534725,-0.974795,0.198198,0.00237685
1.10995,0.570756,-0.927925,0.212566,0.00191582
1.16238,0.550076,-1.02393,0.00993705,0.00136669
1.156,0.550912,-1.01447,0.0605322,0.00107061
1.14771,0.59113,-0.983376,0.0280222,0.00270824
1.1916,0.344796,-1.14057,-0.0114441,0.00209756
1.19262,0.27646,-1.16002,-0.0165768,0.000652422
1.19332,0.325163,-1.14654,-0.0609413,0.00282385
1.19005,0.401999,-1.12008,-0.00576371,0.00151189
1.18796,0.353296,-1.13355,0.0386008,0.00197466
1.17848,0.460178,-1.08405,0.0433641,0.0017264
1.16788,0.47099,-1.0643,0.0968112,0.00275214
1.17575,0.421311,-1.09332,0.0977283,0.00238798
1.17619,0.503586,-1.06291,-0.00686135,0.00156045
1.16701,0.543804,-1.03181,-0.0393713,0.00171252
1.18253,0.453906,-1.09193,-0.00594426,0.00118241
1.1871,0.445406,-1.09895,-0.0559892,0.000411846
0.7933,0.15294,-0.459378,-0.628416,0.00111989
0.749461,0.135609,-0.406507,-0.614861,0.00458757
0.768712,0.179402,-0.420273,-0.618145,0.00753422
0.824163,0.135005,-0.509918,-0.633248,0.00101927
0.875442,0.106861,-0.592101,-0.635922,0.00221646
0.902314,0.134584,-0.626076,-0.635678,0.00712514
0.904636,0.0805835,-0.643953,-0.630236,0.00175303
0.977076,0.0910636,-0.762594,-0.604016,0.00281908
0.950077,0.0723693,-0.722304,-0.612932,0.011513
0.957968,0.127001,-0.718218,-0.621077,0.00172065
0.854826,-0.304249,-0.694339,-0.395036,0.00257337
0.887677,-0.291877,-0.739145,-0.395527,0.00187232
0.860634,-0.275114,-0.690293,-0.434163,0.0017508
0.8512,-0.33273,-0.698032,-0.355787,0.000542196
0.865384,-0.350555,-0.728734,-0.308138,0.00168227
0.832518,-0.362273,-0.683574,-0.307525,0.00188558
0.822702,-0.315966,-0.64918,-0.394423,0.00199344
0.802145,-0.425024,-0.67185,-0.106817,0.00141004
0.784128,-0.432285,-0.652788,-0.043071,0.000804552
0.768626,-0.430611,-0.629988,-0.0920572,0.00358597
0.828632,-0.410761,-0.701654,-0.159961,0.000979231
0.857623,-0.389135,-0.734267,-0.211998,0.00107922
0.818073,-0.401724,-0.681663,-0.207839,0.00142712
0.840982,-0.412435,-0.724453,-0.110975,0.00173418
0.844978,-0.415603,-0.734542,-0.0413572,0.00139195
0.868464,-0.40134,-0.764346,-0.0945018,0.00424719
0.913558,-0.293629,-0.782133,-0.369647,0.00126353
0.917863,-0.264495,-0.778087,-0.408775,0.000580772
0.883934,-0.358306,-0.761324,-0.270819,0.000312575
0.900963,-0.328763,-0.775782,-0.319081,0.000502281
0.891682,-0.367343,-0.781315,-0.222941,0.00204323
0.930078,-0.30138,-0.814723,-0.332329,0.00311203
0.952824,-0.300666,-0.854204,-0.296325,0.000976305
0.965089,-0.265531,-0.860556,-0.346891,0.000980867
1.00922,-0.28527,-0.960654,-0.119573,0.00409745
0.988198,-0.309421,-0.927488,-0.143389,0.00225185
0.992207,-0.312101,-0.939233,-0.070071,0.00228108
1.00015,-0.148373,-0.880037,-0.451474,0.00264328
1.02439,-0.136162,-0.92207,-0.424985,0.0118417
1.00638,-0.180185,-0.903073,-0.405956,0.00101585
0.789357,-0.426872,-0.663972,0.00254097,0.00155017
0.757853,-0.432459,-0.62211,0.0173003,0.00191103
0.798378,-0.418863,-0.676467,0.0659891,0.00132532
0.816771,-0.398163,-0.702167,0.124671,0.00198611
0.783694,-0.406347,-0.658994,0.121595,0.00224901
0.821818,-0.418688,-0.707144,0.00561777,0.00153357
0.851284,-0.407594,-0.747037,0.0220909,0.00212142
0.806967,0.0764121,-0.589163,0.546116,0.00342788
0.77259,0.0746479,-0.543194,0.544301,0.00214956
0.770973,-0.00980225,-0.558133,0.531781,0.00124159
0.848789,0.115294,-0.549185,-0.636824,0.00538825
0.798987,0.0894363,-0.484879,-0.628708,0.00311851
0.773671,-0.16661,-0.529497,-0.538925,0.00375753
0.754295,-0.133467,-0.492583,-0.555436,0.00240458
0.796821,-0.128348,-0.548242,-0.563809,0.0069634
0.753269,-0.203377,-0.514529,-0.511187,0.00310592
0.796469,-0.198258,-0.570188,-0.519559,0.000804873
0.733865,-0.244708,-0.503657,-0.474348,0.00163855
0.709567,-0.213059,-0.462966,-0.493714,0.00310678
0.735311,0.0739543,-0.406586,-0.608194,0.00230881
0.70897,0.100416,-0.367482,-0.597923,0.00677422
0.378174,-0.300003,-0.202104,-0.110307,0.00349137
0.350195,-0.292154,-0.184068,-0.0583247,0.0125154
0.337784,-0.269161,-0.16662,-0.117848,0.00314497
0.413427,-0.305503,-0.22186,-0.168428,0.00353489
0.449154,-0.305545,-0.246337,-0.218403,0.00351523
0.410864,-0.277053,-0.209132,-0.219806,0.00148765
0.420758,-0.328495,-0.239308,-0.108904,0.00326607
0.438566,-0.347855,-0.260355,-0.0596045,0.00659744
0.466027,-0.353354,-0.280112,-0.117726,0.00167865
0.547745,-0.21368,-0.293058,-0.410465,0.000818469
0.589118,-0.19963,-0.325376,-0.448707,0.00423178
0.572326,-0.246325,-0.325336,-0.401294,0.00231665
0.526255,-0.181224,-0.261743,-0.419038,0.0016483
0.550145,-0.130382,-0.266168,-0.46348,0.00104611
0.506332,-0.144621,-0.234813,-0.42464,0.00332719
0.508469,-0.227919,-0.261703,-0.371625,0.00764425
0.491601,-0.268735,-0.263314,-0.316416,0.00116486
0.463971,-0.236279,-0.231998,-0.324989,0.00682926
0.367563,-0.305916,-0.203759,0.000231857,0.00169159
0.322546,-0.275074,-0.168276,-0.00730984,0.00840842
0.401862,-0.321389,-0.235086,0.0541924,0.00118856
0.367943,-0.286448,-0.206046,0.104282,0.00499296
0.421131,-0.319,-0.253164,0.107228,0.00278488
0.42132,-0.338468,-0.250878,0.00317754,0.00368181
0.465958,-0.363327,-0.291682,-0.00564396,0.000984681
0.856421,-0.207156,-0.726441,0.403518,0.00462998
0.838834,-0.251691,-0.709326,0.370339,0.0109226
0.828802,-0.360324,-0.714648,0.215307,0.00299875
0.79598,-0.359842,-0.670302,0.234079,0.00945599
0.821391,-0.33452,-0.700257,0.269108,0.000331674
0.787067,-0.259915,-0.639094,0.378784,0.00288305
0.772261,-0.308705,-0.629159,0.324417,0.00489012
0.801155,-0.285246,-0.665846,0.342247,0.00509951
0.776487,0.180472,-0.515277,0.552133,0.00533471
0.745919,0.141212,-0.488731,0.545524,0.000451565
0.7079,0.160822,-0.429784,0.539022,0.0125284
0.724877,0.240391,-0.428475,0.532981,0.00104931
0.677564,0.241648,-0.369002,0.514331,0.00744513
0.689741,0.20134,-0.396857,0.526981,0.00160093
0.439435,0.278705,-0.113022,0.320394,0.0050335
0.492072,0.278457,-0.159812,0.372903,0.0026269
0.38646,0.267886,-0.0748307,0.268307,0.00429307
0.335714,0.25906,-0.0409679,0.209555,0.0125926
0.388618,0.231077,-0.0897299,0.299292,0.00350763
0.426387,0.0694664,-0.167036,0.386107,0.00422307
0.404249,0.101427,-0.140611,0.365183,0.000876217
0.456478,0.1224,-0.175734,0.403123,0.00527204
0.496249,0.0541429,-0.23032,0.436216,0.000351168
0.527558,0.104076,-0.246294,0.45478,0.00184902
0.545857,0.0677796,-0.274455,0.466948,0.00908431
0.443084,0.0256294,-0.194387,0.397341,0.00160389
0.393136,0.00465653,-0.159265,0.359401,0.00473919
0.466197,-0.0106669,-0.222549,0.409509,0.0016599
0.43241,-0.283668,-0.257042,0.201099,0.00415733
0.390779,-0.249552,-0.218593,0.206517,0.0118944
0.433575,-0.24916,-0.251511,0.250298,0.00237072
0.0606355,-0.0441343,-0.0178654,0.0375454,1.1221
0.047064,0.00511405,-0.00471751,0.0465469,1.14503
0,0,0,0,1.03606
0.107369,-0.0857907,-0.0385036,0.0518229,0.786884
0.0971237,-0.0909048,-0.033786,0.00527595,0.569157
0.850858,0.0612929,-0.567062,-0.631382,0.00292487
0.854306,0.0148767,-0.586062,-0.621408,0.00131388
0.82633,0.0233092,-0.543147,-0.62231,0.00135354
0.879529,0.742198,-0.457009,-0.117707,0.00068632
0.87869,0.747365,-0.458572,-0.0570394,0.00114573
0.882822,0.260861,-0.644286,0.544262,0.000771547
0.843525,0.23036,-0.597015,0.549584,0.00270506
0.853834,0.191364,-0.621495,0.553314,0.00498973
0.913716,0.281864,-0.687638,0.531585,0.00579697
0.935628,0.564853,-0.632959,0.394594,0.00161793
0.900423,0.543922,-0.584124,0.416786,0.00181333
0.927436,0.521012,-0.634618,0.431213,0.00205388
0.969275,0.584466,-0.681548,0.365221,0.00178971
0.996647,0.601352,-0.720485,0.335534,0.000999033
0.988954,0.558829,-0.72239,0.379334,0.00180391
0.924764,0.432176,-0.658221,0.484929,0.00146134
0.922934,0.475635,-0.642725,0.460959,0.00185901
0.94524,0.396526,-0.703089,0.491845,0.00289355
0.976645,0.4216,-0.746475,0.46783,0.0018103
0.968622,0.366936,-0.749897,0.491162,0.00186641
0.982621,0.470267,-0.740918,0.442079,0.00172944
1.07888,0.510713,-0.893811,0.322881,0.00173469
1.07693,0.46382,-0.905637,0.352802,0.00157938
1.09563,0.526256,-0.918548,0.282358,0.00204213
1.07676,0.554443,-0.875197,0.29332,0.00168307
1.11542,0.490226,-0.965418,0.267989,0.00237761
1.16026,0.474659,-1.04925,0.141344,0.000315446
1.14364,0.507561,-1.0093,0.177786,0.00343236
1.14884,0.465024,-1.03362,0.187618,0.00164352
1.16312,0.513527,-1.03998,0.0869796,0.00257166
1.14033,0.544361,-0.990425,0.151923,0.00181481
1.1478,0.554581,-0.999426,0.105065,0.0012664
1.13368,0.581745,-0.964916,0.125476,0.00603698
0.56992,0.275845,-0.172125,-0.468072,0.00271035
0.605031,0.313099,-0.197804,-0.478441,0.00303995
0.557119,0.229498,-0.171589,-0.477776,0.0248692
0.891189,0.406331,-0.536869,-0.583854,0.00169386
0.891241,0.359959,-0.547229,-0.604385,0.00446067
0.857857,0.384753,-0.490563,-0.589264,0.00177355
0.898162,0.448448,-0.536984,-0.563238,0.00296278
0.82827,0.263233,-0.480541,-0.621144,0.00337433
0.820492,0.303906,-0.457489,-0.609551,0.00219016
0.865623,0.297708,-0.523976,-0.621388,0.00161343
0.797579,0.233082,-0.443599,-0.620503,0.00330045
0.753394,0.21575,-0.390728,-0.606948,0.00258204
0.735492,0.254776,-0.358085,-0.589757,0.014386
0.705365,0.201095,-0.334759,-0.587399,0.00612004
0.224098,0.18374,0.0151786,-0.127394,0.00318228
0.19852,0.183958,0.0223441,-0.0712059,0.0101337
0.262162,0.234385,0.0137562,-0.116633,0.0258719
0.380046,0.264897,-0.0319215,-0.270639,0.00862162
0.319505,0.225056,-0.0100154,-0.226568,0.00494335
0.404714,0.2432,-0.0516745,-0.319338,0.00272692
0.465515,0.455381,-0.0562268,-0.0785547,0.0013974
0.420687,0.413787,-0.033262,-0.0682023,0.00279626
0.637683,0.592318,-0.176964,-0.15647,0.0021694
0.620173,0.590311,-0.162339,-0.0989618,0.000815114
0.594553,0.560872,-0.141515,-0.13744,0.00492474
0.769796,0.500739,-0.342442,-0.473899,0.000504234
0.738246,0.458322,-0.31243,-0.487171,0.00464759
0.615666,0.521058,-0.163358,-0.284355,0.00176203
0.661789,0.532714,-0.207955,-0.333069,0.00170727
0.592934,0.524562,-0.142745,-0.236703,0.00450175
0.63482,0.559375,-0.176752,-0.2426,0.00451332
0.769207,0.233799,-0.48861,0.546149,0.00152735
0.80692,0.214189,-0.547557,0.552652,0.00108994
0.75634,0.274108,-0.460755,0.533499,0.00190094
0.837422,0.283687,-0.570348,0.543599,0.00228695
0.819507,0.312485,-0.535559,0.535837,0.00125125
0.856798,0.328656,-0.585017,0.532769,0.00225265
0.675369,0.292523,-0.351394,0.497067,0.00213768
0.638477,0.253471,-0.319776,0.491068,0.00520159
0.683048,0.353938,-0.342411,0.473325,0.00411622
0.632645,0.352589,-0.282497,0.44285,0.00222434
0.719043,0.342116,-0.391636,0.496588,0.00486883
0.587654,0.309682,-0.246936,0.434116,0.000668969
0.585063,0.357925,-0.227264,0.403162,0.00311558
0.856367,0.507879,-0.528817,0.442467,0.0013051
0.821109,0.476425,-0.486506,0.458859,0.00150715
0.802005,0.536303,-0.438594,0.404012,0.000260111
0.769638,0.498241,-0.408112,0.421359,0.00158811
0.751567,0.518868,-0.374855,0.393843,0.00296606
0.836192,0.561489,-0.4807,0.390991,0.00163152
0.819255,0.582116,-0.447443,0.363475,0.00311109
0.864293,0.55172,-0.527158,0.405847,0.00260413
0.773468,0.459604,-0.427252,0.452187,0.00522411
0.775833,0.420352,-0.441907,0.479519,0.00182834
0.67878,0.516656,-0.280608,0.339217,0.00141542
0.664942,0.535226,-0.25825,0.298308,0.00335482
0.704585,0.567489,-0.294484,0.2961,0.00283726
0.717172,0.514863,-0.330607,0.374099,0.00498172
0.750589,0.552925,-0.361089,0.356753,0.00208107
0.611981,0.48995,-0.210646,0.300165,0.00203762
0.639476,0.540783,-0.224522,0.257047,0.000842511
0.589692,0.444151,-0.202861,0.330627,0.00075858
0.560871,0.449708,-0.169132,0.289366,0.002951
0.568005,0.522529,-0.147881,0.166505,0.00120826
0.593039,0.559354,-0.159295,0.115947,0.000196593
0.603679,0.533022,-0.184104,0.215456,0.00425136
0.546913,0.485014,-0.140695,0.209953,0.00372949
0.658591,0.578298,-0.231708,0.213599,0.00140066
0.597577,0.577657,-0.150889,0.0253518,0.00122613
0.603809,0.583004,-0.150684,-0.0445567,0.00163273
0.381964,0.345364,-0.0415678,0.157774,0.00119251
0.445803,0.396837,-0.0753587,0.188631,0.0120217
0.0980028,0.0142708,-0.0116712,0.0962532,0.907128
0.083043,0.0584051,0.00619428,0.0587079,0.659655
0.834252,0.113593,-0.615063,0.55206,0.000735127
0.829974,0.0291432,-0.630003,0.539541,0.0240196
0.884274,0.0954598,-0.692718,0.541268,0.00343267
0.863394,0.142729,-0.651878,0.547844,0.000849764
0.883508,0.0476453,-0.70481,0.530622,0.00299199
0.912691,0.0767806,-0.741624,0.526405,0.00500728
1.18429,0.31023,-1.14011,0.0803734,0.00263372
1.18155,0.25592,-1.15071,0.0801701,0.000944716
1.17536,0.270056,-1.13677,0.127623,0.00223111
1.1815,0.367433,-1.11961,0.0860538,0.00206419
1.17143,0.378245,-1.09987,0.139501,0.000301134
1.17038,0.116395,-1.1639,0.0398275,0.000618721
1.18125,0.152867,-1.17122,-0.0148467,0.00128706
1.17762,0.196204,-1.1584,0.0800569,0.000663855
1.18599,0.236378,-1.16174,0.0328072,0.000509393
1.16928,0.142146,-1.15765,0.082809,0.000886988
1.15853,0.0818783,-1.15213,0.0899426,0.000636028
1.16526,0.161688,-1.14663,0.130172,0.00269821
1.18777,0.216745,-1.16771,-0.01669,0.000469583
1.18705,0.192949,-1.1695,-0.0642307,0.00121388
1.05602,-0.207014,-1.03395,0.0572538,0.00222201
1.0743,-0.185656,-1.058,0.0169361,0.0022353
1.08482,-0.13759,-1.07091,0.105134,0.00410052
1.10446,-0.109268,-1.0975,0.0583383,0.00268567
1.06497,-0.181071,-1.04509,0.0957191,0.00420995
1.03753,-0.227923,-1.00768,0.0953209,0.00170949
1.09898,-0.134707,-1.0906,0.0142324,0.00554138
1.08941,-0.160201,-1.07725,-0.0264836,0.00167848
1.14349,-0.0274581,-1.14043,-0.0789619,0.00278373
1.1494,-0.000865571,-1.14215,-0.128815,0.00297435
1.12427,-0.0837496,-1.11877,-0.0728991,0.0113443
0.90466,0.182284,-0.615151,-0.637786,0.00149525
0.903537,0.23037,-0.601553,-0.633595,0.00408786
0.932085,0.156006,-0.667003,-0.6321,0.00178454
1.11933,0.172554,-1.01238,-0.445198,0.00304462
1.13653,0.193507,-1.04043,-0.414432,0.00369244
1.12087,0.127735,-1.02666,-0.431276,0.00198172
1.11983,0.216323,-0.997856,-0.459908,0.00317719
1.10381,0.150551,-0.984087,-0.476752,0.00455055
1.11102,0.25278,-0.970329,-0.478474,0.00306709
1.12805,0.274782,-0.998624,-0.44692,0.00190159
0.962142,0.591341,-0.609117,-0.452781,0.00188468
0.984213,0.616436,-0.640595,-0.42228,0.000653774
0.946845,0.621677,-0.575946,-0.422278,0.00603254
0.976855,0.563135,-0.638449,-0.47907,0.000744275
0.939045,0.568377,-0.5738,-0.479068,0.00112054
1.00181,0.54747,-0.685612,-0.483571,0.00192955
0.978747,0.524506,-0.650295,-0.509858,0.00108916
1.02401,0.487752,-0.738915,-0.514499,0.00168464
1.01759,0.446895,-0.737701,-0.539969,0.00109438
0.997588,0.467984,-0.696244,-0.53983,0.00247366
1.15665,0.582478,-0.996452,-0.0750532,0.00113848
1.14032,0.616582,-0.954016,-0.100049,0.00105142
1.13815,0.624398,-0.950399,-0.0475685,0.00107245
1.16955,0.535987,-1.03543,-0.0918516,0.000713419
1.03139,0.6053,-0.77915,0.300503,0.00337394
1.01252,0.630936,-0.738308,0.286389,0.000929538
1.05289,0.586892,-0.823717,0.292601,0.00196297
1.07067,0.602435,-0.848453,0.252078,0.00097508
1.07352,0.714346,-0.799256,-0.0578585,0.00209314
1.04855,0.729627,-0.751502,-0.0485133,0.00208213
1.09826,0.685877,-0.856858,-0.0392254,0.00144467
1.09333,0.686027,-0.851034,0.0219679,0.00132088
1.11705,0.658651,-0.902139,-0.0113707,0.00197103
1.09698,0.68697,-0.850361,-0.0911971,0.00194773
0.841602,-0.25236,-0.653572,-0.466318,0.0014939
0.873635,-0.239989,-0.698378,-0.46681,0.00616849
0.816545,-0.22613,-0.608438,-0.495393,0.00282598
0.83556,-0.189362,-0.623406,-0.523131,0.00254127
0.801756,-0.261256,-0.600353,-0.462746,0.00303535
1.00258,0.117252,-0.799865,-0.592996,0.0088831
0.996147,0.0626203,-0.803951,-0.58485,0.00228512
0.919751,0.0518673,-0.677991,-0.619338,0.00120626
0.940641,0.01593,-0.722367,-0.602277,0.00343335
0.893991,0.0241441,-0.644016,-0.619581,0.00596144
0.870309,-0.0138395,-0.6201,-0.61051,0.0031235
0.887095,-0.0455144,-0.654698,-0.596856,0.00307206
0.847069,-0.0547818,-0.596745,-0.598682,0.00403146
0.766802,-0.268031,-0.553722,-0.45775,0.00245057
0.72328,-0.277713,-0.50216,-0.440278,0.00274063
0.793084,-0.294261,-0.598857,-0.428676,0.00139211
0.78669,-0.322742,-0.602549,-0.389427,0.00322363
0.74989,-0.429558,-0.601076,-0.128538,0.000861683
0.730581,-0.436819,-0.582014,-0.0647924,0.00107196
0.813145,-0.386716,-0.664915,-0.263711,0.00050368
0.781892,-0.408342,-0.632302,-0.211674,0.00199758
0.797027,-0.368891,-0.634213,-0.31136,0.00137852
0.890297,-0.389568,-0.789225,-0.134127,0.00159196
0.892919,-0.392736,-0.799313,-0.0645096,0.00315233
1.03012,-0.265239,-0.991932,-0.0828484,0.00239567
1.02669,-0.26256,-0.980187,-0.156167,0.00192493
1.05522,-0.22684,-1.02806,-0.0716111,0.00344587
0.994628,-0.109453,-0.856249,-0.494109,0.00202777
0.974806,-0.153476,-0.837252,-0.47508,0.00461586
1.01705,-0.229256,-0.943603,-0.302385,0.00192439
1.03898,-0.180834,-0.966137,-0.336674,0.00153134
1.00852,-0.216395,-0.922572,-0.345177,0.00190717
0.9965,-0.273704,-0.924473,-0.251889,0.00160049
1.02618,-0.238143,-0.968039,-0.243386,0.00203601
1.04139,-0.0897572,-0.937021,-0.445449,0.00275394
1.04711,-0.121569,-0.960057,-0.39993,0.00197795
1.04277,-0.0531062,-0.928411,-0.471804,0.00283278
1.06536,-0.0385134,-0.966398,-0.446749,0.00442263
0.884552,-0.272461,-0.779962,0.316,0.00830375
0.880947,-0.306499,-0.780828,0.269136,0.0023708
0.855601,-0.300964,-0.743737,0.2972,0.00135985
0.923287,-0.241741,-0.832634,0.317397,0.00280979
0.838893,-0.377291,-0.730227,0.167815,0.000364751
0.850644,-0.389807,-0.7477,0.112209,0.000936776
0.861919,-0.351969,-0.760182,0.202845,0.00289141
0.824613,-0.120772,-0.660255,0.479024,0.00683431
0.785201,-0.145862,-0.611561,0.470381,0.000574256
0.812692,-0.164759,-0.654236,0.453099,0.00558435
0.763506,-0.236611,-0.603974,0.402705,0.00101665
0.795444,-0.213153,-0.640662,0.420535,0.0173353
0.739924,-0.210494,-0.56612,0.42742,0.00377679
0.730508,-0.257256,-0.564553,0.38567,0.00559974
0.766931,0.0543605,-0.452906,-0.616525,0.0025145
0.728815,0.0191675,-0.413881,-0.599588,0.00839774
0.79244,0.0346496,-0.492174,-0.620102,0.00106721
0.796049,-0.0117667,-0.511174,-0.610128,0.0044654
0.768916,-0.0478159,-0.485765,-0.59412,0.00421142
0.804484,-0.0591563,-0.536738,-0.596328,0.00236083
0.730628,-0.0381442,-0.433125,-0.587167,0.00141814
0.696429,-0.0185504,-0.386805,-0.578836,0.00565589
0.73923,-0.0855339,-0.458689,-0.573367,0.0013704
0.71394,-0.123796,-0.439943,-0.548484,0.00729363
0.575826,-0.0706614,-0.272377,-0.502388,0.00283081
0.533633,-0.0380235,-0.224565,-0.482586,0.00803241
0.576869,-0.0149058,-0.257703,-0.515892,0.00459853
0.658824,-0.0617029,-0.355782,-0.551055,0.00726306
0.65634,-0.00439117,-0.336538,-0.563475,0.00189901
0.589819,-0.107264,-0.299306,-0.496786,0.00223049
0.65117,-0.243332,-0.404874,-0.448206,0.00250081
0.649574,-0.276653,-0.415728,-0.415428,0.00237564
0.609746,-0.265595,-0.368507,-0.406758,0.00456894
0.490663,-0.301161,-0.27386,-0.273957,0.00323714
0.529777,-0.2928,-0.303566,-0.320593,0.0030465
0.490222,-0.329611,-0.286589,-0.222579,0.00224112
0.536821,0.130632,-0.179259,-0.488854,0.0169234
0.498895,0.156085,-0.139992,-0.452698,0.00292328
0.546298,0.177568,-0.175839,-0.485789,0.00659059
0.558092,0.0849238,-0.212499,-0.509017,0.00536065
0.511602,0.0634403,-0.176652,-0.475926,0.00469298
0.420132,-0.243299,-0.201505,-0.27697,0.00652599
0.437378,-0.202483,-0.199895,-0.332179,0.00140411
0.376882,-0.243257,-0.177029,-0.226995,0.00689558
0.499944,-0.0185702,-0.189716,-0.462176,0.00620504
0.498605,-0.0743257,-0.20439,-0.448672,0.00669417
0.770589,0.116838,-0.525507,0.551362,0.0160071
0.701976,0.0971872,-0.440014,0.53825,0.00789211
0.730645,0.0306232,-0.494477,0.537026,0.00238723
0.691109,0.0262455,-0.447057,0.526387,0.00147399
0.697094,-0.0159441,-0.464744,0.519326,0.00986948
0.270266,-0.236577,-0.130214,-0.0109094,0.02777
0.295656,-0.25034,-0.149906,0.0476471,0.00825351
0.166376,-0.126118,-0.0671721,0.0852232,0.0752736
0.193846,-0.172202,-0.083134,0.0318005,0.142955
0.214872,-0.165759,-0.095882,0.0974703,0.0325692
0.150756,-0.0793475,-0.0512515,0.117493,0.328909
0.496791,-0.376427,-0.322715,0.0309661,0.00276741
0.510113,-0.385813,-0.332192,-0.0318159,0.00115604
0.47343,-0.3093,-0.296256,0.201748,0.00286727
0.436131,-0.309692,-0.263338,0.157967,0.00141404
0.770321,-0.392648,-0.638921,0.176072,0.00126341
0.759904,-0.366844,-0.62453,0.229874,0.00385387
0.748784,-0.413348,-0.613221,0.11739,0.00456488
0.596953,-0.281547,-0.412608,0.326862,0.00421162
0.602863,-0.24819,-0.411696,0.363802,0.00795474
0.56343,-0.259472,-0.372937,0.333235,0.0037125
0.356655,0.0963911,-0.107838,0.32601,0.00268927
0.391848,0.149324,-0.116537,0.343025,0.00831497
0.383444,-0.134312,-0.188474,0.305724,0.0112484
0.360324,-0.174294,-0.180544,0.258571,0.000571598
0.41378,-0.175062,-0.220992,0.30287,0.0108435
0.367872,-0.0863618,-0.167321,0.31603,0.00740856
0.308113,-0.0893361,-0.126658,0.26629,0.000284652
0.355039,-0.0421548,-0.145953,0.320895,0.00719496
0.424967,-0.0871305,-0.207769,0.360329,0.00128228
0.244738,-0.0824019,-0.0926048,0.211024,0.00610264
0.267435,-0.126609,-0.113973,0.206159,0.0136947
0.676052,0.610217,-0.24003,0.164521,0.00113628
0.709246,0.617978,-0.280448,0.206113,0.00421987
0.923913,0.747687,-0.538637,0.0667072,0.000132772
0.916318,0.732725,-0.53583,0.125058,0.00123978
0.948054,0.738921,-0.584193,0.107339,0.000849858
0.864113,0.737264,-0.447585,0.0529289,0.00110918
0.826111,0.720168,-0.398011,0.0735248,0.0015848
0.854397,0.724395,-0.440701,0.105021,0.00163376
0.89738,0.748662,-0.493989,0.0277548,0.000347252
0.870556,0.744435,-0.451298,-0.00374169,0.000527523
0.771001,0.700246,-0.32264,0.00116113,0.0035784
0.747888,0.687531,-0.291021,-0.0440908,0.000639895
0.734821,0.678394,-0.281845,0.0175068,0.0016152
0.788587,0.699204,-0.352295,0.094188,0.00028569
0.743184,0.670503,-0.301117,0.109897,0.00379913
0.772032,0.678598,-0.339949,0.141326,0.00163713
0.798643,0.712073,-0.359179,0.0420956,0.00090195
0.810067,0.72121,-0.368355,-0.0195021,0.00287122
0.986367,0.515644,-0.732811,0.412333,0.00222354
0.957783,0.496566,-0.691559,0.438767,0.00303601
0.889615,-0.101763,-0.752087,0.464139,0.00542343
0.910859,-0.120856,-0.789173,0.438479,0.000683509
0.873496,-0.158762,-0.740015,0.436083,0.0048952
0.8307,-0.0742745,-0.657596,0.502109,0.00478435
0.833996,-0.0273558,-0.650858,0.520754,0.00568461
0.800826,-0.0549568,-0.610841,0.514951,0.00214253
0.856807,-0.0931709,-0.700271,0.484827,0.0030094
0.857618,0.00982548,-0.676758,0.526698,0.00371943
0.888056,-0.00885372,-0.725665,0.511835,0.00481289
0.895592,-0.0552655,-0.749429,0.487224,0.00745478
0.919786,-0.0174457,-0.77748,0.491148,0.00319251
1.1674,0.339441,-1.10381,0.170914,0.000667908
1.1615,0.393319,-1.07751,0.182588,0.00174226
0.047384,0.0302774,0.00936826,-0.0352245,1.20901
0.0482713,-0.018971,-0.00377968,-0.044226,1.14592
0.267995,0.189317,0.00448877,-0.189632,0.00645339
0.303075,0.180206,-0.0121173,-0.243379,0.0215055
0.20064,0.13889,0.0130767,-0.144205,0.0105627
0.548231,0.489296,-0.109487,-0.22172,0.00293036
0.570843,0.527612,-0.122882,-0.179965,0.000966382
0.50228,0.450956,-0.0792233,-0.206512,0.00327737
0.510229,0.493241,-0.0824678,-0.101224,0.00438886
0.480445,0.454486,-0.0633828,-0.142313,0.00081001
0.726542,0.670023,-0.266687,-0.0883783,0.00476219
0.704011,0.648062,-0.240468,-0.133502,0.000739068
0.685465,0.643718,-0.224007,-0.0728685,0.00220954
0.764332,0.691875,-0.307482,-0.104724,0.00200413
0.780264,0.31468,-0.399226,-0.591952,0.00233894
0.817651,0.349154,-0.44266,-0.592197,0.00452348
0.731768,0.300024,-0.343257,-0.572403,0.00271794
0.802629,0.55652,-0.374584,-0.440665,0.00171856
0.817147,0.522528,-0.402531,-0.482352,0.00197919
0.651309,0.362212,-0.233378,-0.488407,0.00447684
0.646425,0.305088,-0.24218,-0.515883,0.00144606
0.738009,0.410474,-0.324071,-0.520717,0.00293775
0.734746,0.357064,-0.331076,-0.550224,0.00978877
0.78128,0.413337,-0.377393,-0.545092,0.00194847
0.689072,0.402049,-0.266112,-0.492302,0.00572599
0.687533,0.297161,-0.289935,-0.548028,0.0030136
0.644778,0.248048,-0.254361,-0.538063,0.00698119
0.700529,0.549285,-0.247786,-0.357253,0.00307492
0.694853,0.572442,-0.237195,-0.314436,0.00326484
0.742778,0.561872,-0.29576,-0.385416,0.00176424
0.716927,0.605637,-0.258292,-0.283678,0.00476101
0.679751,0.589066,-0.218461,-0.259495,0.00245654
0.743281,0.641781,-0.283515,-0.245364,0.000790199
0.756543,0.625156,-0.302249,-0.300305,0.00215358
0.724079,0.648315,-0.261353,-0.188874,0.00223596
0.68174,0.62201,-0.218673,-0.173365,0.00480387
0.762526,0.667833,-0.30531,-0.205501,0.00427579
0.659668,0.592571,-0.197849,-0.211843,0.00123107
0.798627,0.646025,-0.352479,-0.310185,0.00168647
0.833713,0.683645,-0.396952,-0.264832,0.00132017
0.85015,0.66837,-0.421959,-0.313027,0.00415384
0.774922,0.609881,-0.327256,-0.3485,0.00197455
0.784573,0.582741,-0.34599,-0.395297,0.00432385
0.832689,0.60453,-0.406079,-0.403749,0.00219711
0.786794,0.309613,-0.490772,0.531345,0.00306192
0.807549,0.354582,-0.505442,0.520515,0.00238433
0.744272,0.316205,-0.430637,0.518176,0.00403888
0.751568,0.377621,-0.421654,0.494434,0.00109268
0.798727,0.394442,-0.480908,0.501106,0.00899844
0.830568,0.397314,-0.525695,0.505599,0.00136655
0.593545,0.208463,-0.283788,0.477811,0.00172816
0.591787,0.259337,-0.26618,0.460547,0.00475873
0.559334,0.166021,-0.26031,0.466401,0.00875042
0.509667,0.152384,-0.216175,0.435669,0.00256542
0.609195,0.160155,-0.313906,0.496922,0.00255859
0.540067,0.264673,-0.210947,0.420859,0.00551527
0.493523,0.228112,-0.179057,0.399335,0.000357109
0.491936,0.184344,-0.18975,0.414745,0.006426
0.439321,0.198128,-0.138615,0.366789,0.000676253
0.782698,0.586237,-0.393379,0.337927,0.00483686
0.749752,0.582232,-0.349132,0.318183,0.00335591
0.817955,0.611423,-0.435485,0.324906,0.00226681
0.818332,0.638944,-0.424582,0.284864,0.000239231
0.339621,0.339449,-0.00659841,0.00857204,0.0109923
0.382378,0.380958,-0.0222939,0.024224,0.00497826
0.371109,0.369438,-0.0136867,-0.0324134,0.00177839
0.308618,0.302812,-0.00225386,0.0595399,0.00484328
0.411763,0.404722,-0.0396141,0.064652,0.00295232
0.38779,0.371917,-0.0339719,0.104426,0.00405723
0.442031,0.425669,-0.0583803,0.103869,0.0083309
0.346152,0.324416,-0.0228016,0.118557,0.0100813
0.298596,0.276258,-0.00984977,0.112888,0.008157
0.187335,-0.0622782,-0.060991,0.165819,0.0107757
0.23897,-0.0250054,-0.0736756,0.22595,0.010786
0.138063,-0.021951,-0.0323224,0.132419,0.0942374
0.149479,0.0313401,-0.0214106,0.14458,0.0171549
0.286492,0.238507,-0.0170828,0.157799,0.00393689
0.280796,0.199704,-0.0276532,0.195449,0.00140977
0.238362,0.216903,0.00346491,0.0987812,0.0382066
0.206377,0.20058,0.0155013,0.0460329,0.00371328
0.191988,0.190554,0.0206132,-0.0111246,0.0147347
0.130097,0.107033,0.00977264,0.0733048,0.126115
0.102061,0.0978766,0.0167263,0.0235985,0.141895
0.186687,0.162828,0.00826827,0.0909437,0.0710847
0.176384,0.123357,-0.00226374,0.126053,0.132186
0.904952,0.277545,-0.589757,-0.627768,0.000885393
0.934293,0.250881,-0.644282,-0.628382,0.00335516
0.957094,0.360531,-0.654908,-0.597613,0.00263998
0.96322,0.31879,-0.674383,-0.609403,0.00281166
0.929665,0.339796,-0.61301,-0.610765,0.00307303
0.991055,0.383326,-0.705656,-0.580775,0.00388937
0.989941,0.292479,-0.727617,-0.604164,0.00235712
0.961839,0.271745,-0.685718,-0.617316,0.00124238
1.14896,0.237023,-1.05476,-0.389112,0.00281996
1.14915,0.192204,-1.06903,-0.37519,0.00231373
0.998162,0.641586,-0.660157,-0.38586,0.000770921
1.01375,0.61125,-0.693328,-0.416362,0.00862816
0.971595,0.67385,-0.6084,-0.346082,0.00388622
0.99996,0.668665,-0.661132,-0.340165,0.00192557
1.09705,0.483838,-0.880863,-0.439878,0.00200904
1.11548,0.467327,-0.923496,-0.416005,0.00190842
1.10566,0.432425,-0.910586,-0.454225,0.00253951
1.07142,0.496475,-0.828214,-0.464237,0.0017574
1.08229,0.531377,-0.841124,-0.426017,0.00156068
1.05048,0.505338,-0.784423,-0.482508,0.00174646
1.06546,0.4578,-0.824162,-0.496368,0.00207823
1.03044,0.526427,-0.742966,-0.482368,0.00417178
1.14661,0.594905,-0.966466,-0.163511,0.000556624
1.14375,0.579356,-0.960654,-0.222847,0.000963991
1.15589,0.559112,-0.994258,-0.18687,0.00157989
1.12748,0.636825,-0.920412,-0.136026,0.00255499
1.13669,0.563841,-0.947465,-0.276503,0.00091579
1.12669,0.599634,-0.919673,-0.253144,0.00251645
1.1142,0.664959,-0.886109,-0.118641,0.005506
1.08909,0.693427,-0.828507,-0.137274,0.000925796
1.0996,0.659628,-0.852695,-0.216633,0.00220152
1.08668,0.684839,-0.822663,-0.187325,0.000804532
1.0808,0.67305,-0.811102,-0.239241,0.00148056
1.11999,0.643282,-0.898559,-0.182103,0.000537049
1.11369,0.631493,-0.886998,-0.234018,0.000882135
1.09519,0.602042,-0.891109,0.207139,0.00246401
1.07246,0.634491,-0.839629,0.206419,0.00128521
1.11175,0.602812,-0.9191,0.166907,0.000942738
1.0773,0.666031,-0.834983,0.140617,0.000515108
1.05182,0.666424,-0.792327,0.185556,0.0111695
1.0846,0.678382,-0.841998,0.0847879,0.00132426
1.1045,0.64645,-0.8893,0.105651,0.00453274
1.06578,0.705608,-0.796717,0.0569332,0.000525807
1.048,0.72892,-0.752962,0.00554464,0.00140857
1.02227,0.745293,-0.698711,-0.0370819,0.000712169
1.03843,0.721275,-0.743926,0.0683646,0.000912093
0.99336,0.752165,-0.648302,-0.026756,0.00105007
0.995868,0.752872,-0.646843,-0.080814,0.000164444
0.988252,0.749235,-0.643585,0.0329825,0.000510372
1.17004,0.522486,-1.03665,-0.146149,0.0019451
1.16698,0.506936,-1.03084,-0.205486,0.000409473
1.18131,0.483811,-1.07202,-0.110468,0.00185931
1.19039,0.366968,-1.11792,-0.180613,0.00419098
1.19204,0.316837,-1.13531,-0.177895,0.00305472
1.18709,0.339313,-1.11635,-0.21866,0.00114876
1.18392,0.429876,-1.0861,-0.193072,0.00252955
1.18757,0.407401,-1.10506,-0.152307,0.000843176
1.19001,0.270457,-1.1492,-0.149368,0.000617126
1.18791,0.242802,-1.14763,-0.187415,0.0028174
0.783891,-0.349589,-0.607184,-0.351568,0.00130863
0.762217,-0.374032,-0.588525,-0.307754,0.00190299
0.752635,-0.327884,-0.556861,-0.385821,0.00154036
0.751974,-0.420101,-0.597633,-0.178369,0.000442502
0.745919,-0.405093,-0.580885,-0.23424,0.00172595
0.711826,-0.426308,-0.549659,-0.151104,0.0111858
0.964919,-0.303912,-0.879543,-0.255168,0.00264535
0.976475,-0.312799,-0.903979,-0.196169,0.00075713
0.93188,-0.33976,-0.83371,-0.240605,0.00176623
0.956958,-0.339629,-0.882558,-0.146668,0.0025571
0.928655,-0.361985,-0.841621,-0.151791,0.00242764
0.941728,-0.358607,-0.86513,-0.0990112,0.000958471
0.90613,-0.370589,-0.806654,-0.181784,0.00089691
1.07788,-0.187945,-1.05943,-0.0641802,0.00427873
1.06842,-0.203633,-1.04284,-0.112011,0.00261534
1.10262,-0.136995,-1.09203,-0.0668839,0.00263394
1.1121,-0.111493,-1.10095,-0.110596,0.000406144
0.927323,-0.031503,-0.714908,-0.589783,0.0016857
0.957531,-0.011001,-0.759221,-0.583377,0.00215219
0.90417,-0.0724453,-0.691552,-0.577955,0.00225584
1.01792,-0.0610652,-0.883555,-0.501768,0.00393777
0.993624,-0.0661679,-0.840769,-0.525373,0.00210613
1.04241,-0.00982143,-0.912931,-0.503068,0.00176776
0.950289,-0.154322,-0.793204,-0.500061,0.00242629
0.956064,-0.193243,-0.816992,-0.457427,0.00155587
1.08941,0.0146888,-0.998506,-0.4354,0.00212842
1.08724,-0.0219622,-1.00712,-0.409045,0.00111027
1.10804,0.0690109,-1.01892,-0.429869,0.00418433
1.08547,0.0524597,-0.9782,-0.467573,0.00230977
1.12406,0.0899639,-1.04697,-0.399103,0.00262918
1.05952,-0.123828,-0.986947,-0.364938,0.00211774
1.07626,-0.0774232,-1.0019,-0.385402,0.00303356
1.067,-0.136689,-1.00798,-0.322146,0.00175975
0.953928,-0.223098,-0.877022,0.301727,0.00855317
0.939931,-0.259353,-0.86144,0.272264,0.000926545
0.9864,-0.198633,-0.92347,0.284136,0.00301095
0.999891,-0.212361,-0.947399,0.238999,0.00183098
0.970366,-0.181021,-0.894664,0.329269,0.00111882
0.973715,-0.32718,-0.916644,-0.0289636,0.00492278
0.956788,-0.341987,-0.893481,0.0134049,0.00186578
0.951534,-0.351058,-0.882905,-0.0515188,0.00194989
0.996992,-0.30303,-0.94981,-0.00514721,0.00121997
1.00457,-0.285988,-0.961881,0.0464079,0.000668281
0.88822,-0.32504,-0.794791,0.227138,0.000845823
0.897741,-0.342006,-0.810369,0.179646,0.0012324
0.915973,-0.296536,-0.831016,0.245937,0.00408891
0.946878,-0.277893,-0.875403,0.230267,0.00307286
0.881637,-0.376248,-0.789821,0.109103,0.00428779
0.861588,-0.397119,-0.761761,0.0659603,0.000659286
0.642024,0.0793568,-0.374038,0.515745,0.00416452
0.590966,0.0774323,-0.317633,0.492295,0.00753076
0.627415,0.119637,-0.346834,0.508962,0.00300425
0.666213,0.0549823,-0.410813,0.521583,0.00685474
0.631815,0.00841513,-0.381081,0.503882,0.00526645
0.589432,-0.084845,-0.360171,0.458812,0.0137218
0.646646,-0.0623013,-0.41639,0.490805,0.000277002
0.599559,-0.0428654,-0.361105,0.476693,0.00125784
0.760086,-0.110888,-0.569295,0.491261,0.0285924
0.761949,-0.0639694,-0.562556,0.509906,0.0049998
0.746863,-0.154875,-0.563276,0.465336,0.0197914
0.71148,-0.17552,-0.523855,0.4483,0.00471252
0.727557,-0.0657336,-0.516587,0.50809,0.00425509
0.610202,-0.162015,-0.334517,-0.483938,0.00404196
0.630741,-0.194659,-0.366795,-0.474767,0.00184393
0.675353,-0.116453,-0.390992,-0.538206,0.0024045
0.691547,-0.164387,-0.424887,-0.520275,0.00103942
0.632397,-0.102294,-0.340725,-0.522846,0.00258899
0.668909,-0.205717,-0.414015,-0.483437,0.00915347
0.665794,0.0649506,-0.326179,-0.576776,0.00811496
0.680276,0.126605,-0.326099,-0.583443,0.0111807
0.623689,0.0217982,-0.295155,-0.548995,0.00574793
0.609232,0.121628,-0.249951,-0.542121,0.00801552
0.658932,0.16563,-0.293456,-0.566252,0.00136796
0.635249,0.196118,-0.258611,-0.546076,0.0250769
0.586675,0.054436,-0.247344,-0.529193,0.00147776
0.127552,-0.114373,-0.0443207,-0.0349887,0.191239
0.174024,-0.140156,-0.0594936,-0.084268,0.0152773
0.1755,-0.158344,-0.0695971,-0.0297258,0.0334602
0.0909707,-0.0727162,-0.0236826,-0.0492662,0.595784
0.497973,-0.352386,-0.301246,-0.181803,0.00112776
0.534353,-0.348002,-0.32877,-0.237357,0.00156596
0.569146,-0.312071,-0.346737,-0.326057,0.00189031
0.571864,-0.279645,-0.33619,-0.368516,0.00483526
0.386192,0.198432,-0.0510784,-0.327353,0.00157187
0.436992,0.225688,-0.0761315,-0.366376,0.00452875
0.485657,0.0198126,-0.16769,-0.455357,0.000812266
0.446819,-0.0164896,-0.147514,-0.421444,0.0060659
0.460177,0.0655209,-0.13445,-0.435194,0.0051941
0.405217,-0.170882,-0.167857,-0.32684,0.00690814
0.454657,-0.163862,-0.19835,-0.37486,0.00311713
0.34989,-0.21574,-0.182503,0.206329,0.00622628
0.350244,-0.250248,-0.188034,0.15713,0.00564483
0.311247,-0.17499,-0.149985,0.209183,0.00121216
0.255682,-0.168056,-0.115932,0.153917,0.0136369
0.321785,-0.252637,-0.169956,0.104094,0.00585539
0.713918,-0.412051,-0.568453,0.129437,0.00300778
0.730236,-0.425749,-0.588526,0.0749594,0.000507961
0.514267,-0.316092,-0.335926,0.227398,0.00161366
0.556602,-0.320869,-0.37787,0.253106,0.00622069
0.516093,-0.288053,-0.331904,0.270587,0.00425174
0.517797,-0.342117,-0.342222,0.184267,0.00584526
0.724451,-0.379612,-0.578563,0.21445,0.00360587
0.752687,-0.346806,-0.609944,0.272456,0.00203781
0.69826,0.639004,-0.254193,0.120946,0.00231065
0.646448,0.599324,-0.205453,0.128432,0.00296254
0.715246,0.65961,-0.26654,0.0738076,0.000419551
0.617442,0.588141,-0.173458,0.0723708,0.000838948
0.649402,0.617627,-0.197046,0.0378373,0.00574613
0.688822,0.646895,-0.234921,0.0285556,0.00258293
0.671158,0.636411,-0.212352,-0.0184634,0.00233745
0.88383,0.724781,-0.487181,0.136028,0.00202054
0.846669,0.707685,-0.437607,0.156624,0.000900156
0.909777,0.716014,-0.532736,0.176661,0.00127693
0.900545,0.690151,-0.530801,0.230049,0.000828113
0.865127,0.685207,-0.475915,0.229,0.00263511
0.933325,0.698095,-0.579451,0.219079,0.00167671
1.0183,-0.111827,-0.95768,0.327521,0.000351996
1.0494,-0.0816545,-1.00366,0.295376,0.000597806
0.94861,-0.00289284,-0.820013,0.476898,0.00414771
0.942029,0.043519,-0.796249,0.50151,0.0260245
0.962533,-0.0400516,-0.850817,0.448302,0.00778874
0.983356,0.0209131,-0.869586,0.458664,0.00342384
0.930494,-0.145224,-0.824412,0.406293,0.00477997
0.951367,-0.159039,-0.859969,0.374512,0.0013696
0.981019,-0.0644192,-0.886056,0.416116,0.00119526
0.999463,-0.0898454,-0.922985,0.372763,0.00353206
1.01482,-0.0416717,-0.937319,0.386715,0.00276095
0.946651,-0.0882252,-0.836483,0.43435,0.00270327
0.98341,-0.134574,-0.906417,0.356921,0.00269746
1.16599,0.292487,-1.11507,0.174972,0.0062811
1.16379,0.238177,-1.12567,0.174768,0.00180853
1.15593,0.307562,-1.09271,0.218059,0.00255795
1.13327,0.456711,-1.00773,0.245334,0.000660012
1.11564,0.449012,-0.979475,0.289263,0.00157741
1.1493,0.42381,-1.04768,0.208891,0.00267557
1.14538,0.385006,-1.05162,0.240304,0.000713778
0.208367,0.10584,0.00515968,-0.17941,0.0048481
0.155026,0.100263,0.0158495,-0.117172,0.0658465
0.870445,0.474093,-0.487687,-0.543205,0.00185423
0.909433,0.491416,-0.544469,-0.537711,0.00301889
0.834372,0.491903,-0.432781,-0.516631,0.00390525
0.822409,0.448936,-0.425296,-0.542159,0.00357619
0.865901,0.547684,-0.464923,-0.483398,0.00287609
0.887765,0.587446,-0.48957,-0.450949,0.00271853
0.903166,0.556821,-0.51982,-0.485228,0.00137996
0.85649,0.709147,-0.424782,-0.224154,0.00183446
0.80431,0.686802,-0.355302,-0.221312,0.00240826
0.866754,0.728902,-0.438855,-0.165442,0.000742392
0.895129,0.725745,-0.480505,-0.208962,0.00153923
0.839756,0.725601,-0.401287,-0.132898,0.00196928
0.786679,0.693336,-0.333141,-0.164822,0.001489
0.856619,0.642301,-0.433218,-0.36547,0.00170415
0.890481,0.679921,-0.477691,-0.320116,0.00133617
0.872705,0.61608,-0.461812,-0.410839,0.00316544
0.934693,0.67739,-0.549162,-0.336473,0.0112979
0.929983,0.70346,-0.537903,-0.28403,0.000862235
0.932452,0.650312,-0.548188,-0.382168,0.00160843
0.910044,0.625217,-0.516709,-0.412669,0.00196567
0.311231,0.095808,-0.0781104,0.28563,0.000544822
0.327826,0.0479104,-0.102185,0.307787,0.0104857
0.232248,0.0212228,-0.0572594,0.224076,0.00298219
0.28357,0.00109902,-0.0888732,0.269281,0.00256621
0.182732,0.0893005,-0.0159597,0.158624,0.0928007
0.228968,0.145095,-0.017464,0.176263,0.0263273
0.205185,0.0530787,-0.0366109,0.19479,0.0259123
0.256234,0.0791832,-0.0518085,0.238121,0.00516618
0.284854,0.165648,-0.0413491,0.22802,0.00323688
0.292082,0.127664,-0.0574618,0.256343,0.0152085
0.337218,0.182273,-0.067651,0.275529,0.000778553
1.00836,0.173633,-0.793224,-0.597858,0.00284631
1.01051,0.223503,-0.783446,-0.597815,0.00558498
0.986677,0.195565,-0.748729,-0.612119,0.00346384
1.02591,0.14519,-0.834581,-0.578692,0.00293391
1.04257,0.124859,-0.870937,-0.559313,0.00371657
1.04793,0.181241,-0.864296,-0.564176,0.00882037
1.18044,0.356567,-1.09464,-0.260926,0.00324335
1.18202,0.306437,-1.11203,-0.258207,0.00440288
1.16841,0.279706,-1.08684,-0.325171,0.00292634
1.16899,0.219653,-1.10601,-0.308289,0.000889819
1.17511,0.263639,-1.10948,-0.283591,0.00131367
1.0082,0.690476,-0.671244,-0.298572,0.000178822
1.03463,0.658212,-0.723001,-0.33835,0.00594615
1.03153,0.703974,-0.712106,-0.24777,0.000852174
1.04503,0.713094,-0.736085,-0.204357,0.000585586
1.05465,0.689143,-0.757092,-0.253346,0.00579679
1.13356,0.449109,-0.965217,-0.389377,0.0026294
1.12531,0.500522,-0.935494,-0.375031,0.00121941
1.092,0.561609,-0.854255,-0.383806,0.000887192
1.09863,0.594298,-0.860611,-0.336377,0.000930668
1.11346,0.55143,-0.900129,-0.354229,0.00177328
1.06721,0.574246,-0.801606,-0.408165,0.00299719
1.02339,0.663908,-0.743825,0.230834,0.000447461
0.987764,0.659961,-0.68516,0.265865,0.0119641
1.02824,0.695448,-0.739179,0.165031,0.000619865
0.97743,0.742405,-0.630317,0.0830962,0.00105308
1.01026,0.737757,-0.686903,0.0670897,0.000201416
0.971056,0.727443,-0.62751,0.141447,0.00173974
0.999499,0.71193,-0.682156,0.163756,0.00715855
0.970451,0.708446,-0.636032,0.188,0.000598775
1.02875,0.714445,-0.730658,0.118478,0.0010784
0.720408,-0.314503,-0.511149,-0.398501,0.00241315
0.715972,-0.34135,-0.515784,-0.360642,0.0012941
0.685339,-0.29118,-0.461083,-0.415099,0.00111225
0.646718,-0.313442,-0.424716,-0.373651,0.000929423
0.678086,-0.42891,-0.511422,-0.119514,0.000352355
0.680192,-0.419453,-0.507979,-0.169344,0.00114283
0.630686,-0.423684,-0.458007,-0.0921196,0.00298212
0.604881,-0.412121,-0.424673,-0.125262,0.00137518
0.589955,-0.41375,-0.412937,-0.0796278,0.000727741
0.663709,-0.430539,-0.499687,-0.0738793,0.000653978
1.05479,-0.22017,-1.01851,-0.163538,0.00337588
1.0768,-0.181275,-1.04989,-0.156107,0.00185292
1.03559,-0.240201,-0.987236,-0.200262,0.00212032
1.05545,-0.195753,-1.00637,-0.250757,0.00183098
1.0423,0.0819278,-0.883517,-0.546878,0.00100976
1.04044,0.0286333,-0.896943,-0.52648,0.00184116
1.01881,0.0355141,-0.854649,-0.553431,0.00212518
1.06364,0.117979,-0.913231,-0.532362,0.00312782
1.06529,0.0365923,-0.941799,-0.496515,0.00405814
1.08406,0.0909144,-0.962212,-0.490984,0.000783367
0.857334,-0.151895,-0.644075,-0.545085,0.00314639
0.877063,-0.179767,-0.682324,-0.520919,0.00110138
0.881042,-0.114378,-0.667167,-0.563951,0.00168573
0.840165,-0.123973,-0.608249,-0.566163,0.00223019
0.921555,-0.100367,-0.727377,-0.556877,0.00260799
0.934139,-0.128428,-0.758228,-0.530293,0.00217432
0.914159,-0.168195,-0.737968,-0.51264,0.00366502
0.957196,-0.0864947,-0.782613,-0.544298,0.00350007
1.13124,0.0707924,-1.06924,-0.362523,0.00218097
1.14416,0.129516,-1.07698,-0.36393,0.0319684
1.09985,-0.0242209,-1.03401,-0.374053,0.00305186
0.935269,-0.352264,-0.864923,0.050456,0.00617536
0.91566,-0.361111,-0.836993,0.0864584,0.00159849
0.912711,-0.374712,-0.831812,0.0268522,0.00326426
0.959563,-0.328386,-0.898662,0.0730112,0.000735637
0.90554,-0.353799,-0.822932,0.132707,0.00127271
0.931058,-0.32687,-0.857541,0.157001,0.000930264
0.542509,-0.108305,-0.317031,0.426706,0.00429364
0.590979,-0.127741,-0.372315,0.440817,0.00445572
0.492216,-0.143141,-0.279048,0.379367,0.00448821
0.489063,-0.100245,-0.266904,0.397362,0.0027234
0.443447,0.101062,-0.112756,-0.416794,0.00241063
0.413602,0.0574348,-0.103794,-0.396225,0.00370726
0.407952,0.136948,-0.0788181,-0.376109,0.00261144
0.45311,0.145034,-0.109473,-0.415077,0.00424418
0.416084,-0.056789,-0.138596,-0.388191,0.00245391
0.395769,-0.0954832,-0.136981,-0.35882,0.00471671
0.442797,-0.0935666,-0.167927,-0.398892,0.0067625
0.399214,-0.0184062,-0.116569,-0.381372,0.00604859
0.344059,-0.20812,-0.145156,-0.232362,0.00182385
0.33547,-0.241875,-0.152783,-0.175197,0.00261891
0.648191,-0.426538,-0.487226,0.0287591,0.000670312
0.655518,-0.42085,-0.497107,0.073985,0.000734168
0.68687,-0.43014,-0.533877,0.0417807,0.00162013
0.615272,-0.42128,-0.448364,0.00723906,0.00180377
0.577174,-0.40808,-0.406841,0.0328788,0.000495723
0.578008,-0.412113,-0.404748,-0.0208456,0.00120928
0.649129,-0.430571,-0.485133,-0.0249653,0.00015536
0.594363,-0.317978,-0.416912,0.279897,0.00210298
0.594091,-0.346018,-0.420933,0.236709,0.00493472
0.660269,-0.327135,-0.492096,0.294582,0.000642374
0.673279,-0.351351,-0.511976,0.260266,0.00148371
0.702418,-0.335359,-0.544097,0.291348,0.00897028
0.630941,-0.306696,-0.455671,0.310464,0.00352718
0.662649,-0.290704,-0.487792,0.341546,0.00183076
0.804014,0.686118,-0.382843,0.17062,0.00349186
0.834422,0.686504,-0.429323,0.201627,0.002312
0.759551,0.657417,-0.331665,0.186329,0.000491347
0.8227,0.663641,-0.421151,0.242996,0.00161222
0.786821,0.640241,-0.377991,0.25749,0.0222101
1.07719,-0.0496812,-1.04316,0.263965,0.00164789
1.06125,-0.0351246,-1.01375,0.311952,0.00331719
1.10445,-0.00878188,-1.082,0.221368,0.00453779
0.967102,0.190121,-0.797851,0.512419,0.00279734
0.984563,0.22846,-0.817319,0.499159,0.00264971
0.964264,0.250796,-0.775869,0.514717,0.0020634
0.950749,0.14619,-0.784416,0.516956,0.00790992
0.929501,0.168526,-0.742967,0.532514,0.00748488
1.15861,0.188713,-1.12941,0.176629,0.00569433
1.14968,0.211144,-1.1077,0.223977,0.00103316
1.15073,0.134655,-1.12866,0.179381,0.00248243
1.09649,0.436964,-0.948547,0.334074,0.000833362
1.11425,0.403449,-0.990861,0.311419,0.00239781
1.07539,0.418257,-0.917022,0.374958,0.00167951
1.09153,0.226836,-0.936896,-0.512074,0.00447756
1.09986,0.285295,-0.937663,-0.499085,0.00358203
1.07182,0.210131,-0.902441,-0.538741,0.00209182
1.0558,0.230461,-0.866085,-0.55812,0.00325923
1.08371,0.177615,-0.935107,-0.51813,0.00255547
1.13858,0.385961,-0.991876,-0.404455,0.00390584
1.13624,0.333624,-1.00081,-0.422022,0.000665036
1.12186,0.363577,-0.962158,-0.447918,0.00205023
1.14698,0.419156,-1.00387,-0.363481,0.000748602
1.14393,0.297167,-1.02834,-0.403457,0.00301898
1.15643,0.295864,-1.05695,-0.364215,0.00128426
1.16416,0.33985,-1.06042,-0.339516,0.0147723
1.17476,0.45272,-1.05997,-0.227101,0.00133205
1.17736,0.412286,-1.07283,-0.255407,0.000768201
1.15594,0.458717,-1.01196,-0.31892,0.00138629
1.1605,0.395569,-1.03862,-0.333997,0.0032346
1.16045,0.489346,-1.01758,-0.267821,0.00113358
1.1478,0.512933,-0.98283,-0.297305,0.00325098
1.17161,0.379411,-1.06851,-0.294954,0.0018978
1.08545,0.626158,-0.827936,-0.317252,0.00247932
1.06783,0.663931,-0.787124,-0.282653,0.00122795
1.05889,0.64225,-0.773925,-0.331356,0.00141793
1.10713,0.615979,-0.873809,-0.287674,0.00173052
0.72009,-0.368817,-0.531552,-0.316159,0.000413918
0.685937,-0.355436,-0.485839,-0.328839,0.00332544
0.734028,-0.388119,-0.55858,-0.275951,0.00119006
0.702326,-0.399877,-0.523911,-0.242646,0.0148467
1.09905,-0.140704,-1.08038,-0.144546,0.0031663
1.12073,-0.0874587,-1.10713,-0.150561,0.00127069
1.08556,-0.157241,-1.05606,-0.196072,0.000895171
1.17023,0.148668,-1.13316,-0.25154,0.00280546
1.15794,0.102048,-1.11846,-0.281861,0.00423909
1.16351,0.156965,-1.11396,-0.29703,0.00180537
1.17545,0.145086,-1.1496,-0.19763,0.000630075
1.18174,0.200003,-1.14509,-0.212798,0.0034154
1.16498,0.0751337,-1.14714,-0.188695,0.00487281
0.982188,-0.295435,-0.931466,0.0989077,0.00438498
0.962905,-0.305712,-0.902907,0.135959,0.00091906
1.00732,-0.263314,-0.966127,0.109355,0.00539149
1.01649,-0.23737,-0.977267,0.147821,0.00145324
1.00746,-0.228387,-0.96234,0.19163,0.00271168
0.978521,-0.256735,-0.920769,0.209225,0.00730567
0.593544,-0.168842,-0.384982,0.419017,0.0191841
0.606239,-0.206298,-0.406408,0.39975,0.00264348
0.556937,-0.188658,-0.3506,0.389443,0.00125613
0.6387,-0.145382,-0.428122,0.451124,0.00505939
0.637091,-0.228373,-0.446078,0.393376,0.00379939
0.673712,-0.20881,-0.483744,0.419854,0.0146267
0.670365,-0.250702,-0.489033,0.383907,0.00587909
0.681385,-0.153192,-0.4809,0.45777,0.00356232
0.679554,-0.112091,-0.468233,0.47957,0.011794
0.459717,-0.176023,-0.257631,0.337612,0.00292889
0.513087,-0.184084,-0.307758,0.366956,0.00487603
0.439745,-0.216005,-0.249702,0.290458,0.00799727
0.476276,-0.250121,-0.28815,0.28504,0.00394992
0.527569,-0.22154,-0.329184,0.347688,0.0050379
0.372336,0.149729,-0.0546747,-0.336491,0.00749155
0.359066,0.105757,-0.0579575,-0.338208,0.0014928
0.335657,0.167241,-0.0302178,-0.289453,0.00630165
0.28514,0.131502,-0.0157136,-0.252517,0.00571384
0.375545,-0.133684,-0.137277,-0.322982,0.00543898
0.344329,-0.0969061,-0.107946,-0.312281,0.00425236
0.357112,-0.172305,-0.138822,-0.280301,0.00883897
0.3075,-0.170922,-0.114576,-0.228504,0.00658939
0.672879,-0.409265,-0.518207,0.129345,0.00154135
0.632818,-0.405662,-0.471557,0.116323,0.0040108
0.683422,-0.376826,-0.528317,0.214358,0.00374724
0.640383,-0.368602,-0.476316,0.217592,0.0053574
0.694083,-0.396864,-0.542903,0.171775,0.00172128
1.0002,0.0830101,-0.881574,0.465126,0.055607
1.0087,0.137866,-0.881833,0.469927,0.00348003
0.979217,0.112928,-0.839041,0.492061,0.00169189
1.01247,0.0458514,-0.912378,0.43653,0.00225612
1.12405,0.0251149,-1.10698,0.19355,0.00137906
1.10789,0.0307456,-1.07824,0.252724,0.00342142
1.14195,0.0861361,-1.12455,0.178916,0.0192295
1.13569,0.113161,-1.10733,0.225372,0.00104874
1.13887,0.0466086,-1.12831,0.147559,0.00230609
1.04848,0.39107,-0.878499,0.41787,0.00226157
1.06816,0.364213,-0.921409,0.399143,0.00448405
1.02075,0.364518,-0.838085,0.454601,0.00210653
1.01227,0.31308,-0.839112,0.471756,0.00363121
0.99069,0.340573,-0.79431,0.484302,0.00257824
1.10304,0.333748,-0.930717,-0.488952,0.00440469
1.08302,0.307804,-0.897284,-0.522552,0.00155204
1.10496,0.386086,-0.921779,-0.471385,0.00322273
1.0864,0.402597,-0.879145,-0.495259,0.0024027
0.648026,-0.341036,-0.437021,-0.335625,0.00237389
0.652362,-0.368503,-0.452789,-0.291143,0.00104198
0.610635,-0.326509,-0.391666,-0.335954,0.00393789
0.572053,-0.339664,-0.359042,-0.288031,0.0010673
1.08012,-0.153392,-1.0421,-0.239106,0.00295307
1.10225,-0.112821,-1.07259,-0.227546,0.00247383
1.07186,-0.151334,-1.0229,-0.282231,0.00169752
1.09299,-0.0943274,-1.04371,-0.310495,0.00217694
1.10922,-0.0389437,-1.05898,-0.327719,0.00110533
1.12083,0.0165173,-1.0642,-0.351362,0.0079501
1.11309,-0.0535891,-1.0739,-0.287804,0.0027137
1.14037,0.0560696,-1.09422,-0.316189,0.00250616
1.14685,0.0477727,-1.11342,-0.2707,0.00106593
0.362436,0.0575446,-0.0725122,-0.350414,0.00297008
0.322304,0.070325,-0.0483688,-0.310797,0.000551462
0.38129,0.022003,-0.0942056,-0.368814,0.0077476
0.346713,-0.0182964,-0.0852869,-0.335561,0.00177059
0.262315,-0.165524,-0.0930698,-0.180966,0.0233721
0.277029,-0.129709,-0.0867351,-0.228905,0.00491247
0.215307,-0.154219,-0.0749996,-0.130186,0.0104674
0.256153,-0.195433,-0.10284,-0.129785,0.0152093
0.181585,-0.110247,-0.0497232,-0.135449,0.0044141
0.582565,-0.400675,-0.41375,0.0874753,0.00234826
0.600739,-0.38909,-0.434851,0.142835,0.00311061
0.542038,-0.391508,-0.370134,0.0593907,0.00786932
0.502145,-0.369021,-0.329624,0.0855626,0.00178003
0.513259,-0.359714,-0.339798,0.136302,0.00083164
0.551861,-0.366505,-0.379468,0.161952,0.00229835
0.464645,-0.344633,-0.292378,0.107877,0.00391955
1.047,-0.014009,-0.984443,0.356195,0.00274603
1.07437,0.0179644,-1.02395,0.324785,0.00456266
1.02837,0.0114172,-0.947514,0.399548,0.00359515
1.04446,0.0735142,-0.959502,0.40601,0.00152574
1.01681,0.405826,-0.746813,-0.558103,0.00173023
1.01674,0.362024,-0.757438,-0.573579,0.00183571
1.0432,0.425594,-0.789483,-0.532773,0.00171846
1.06429,0.41673,-0.833273,-0.514502,0.00389831
1.06441,0.370391,-0.844466,-0.531663,0.00245287
0.657969,-0.389017,-0.467542,-0.250984,0.00228231
0.618153,-0.374616,-0.418724,-0.25777,0.00290341
0.669756,-0.40599,-0.489847,-0.209273,0.00137604
0.634406,-0.408592,-0.45161,-0.177683,0.00180789
0.592867,-0.398658,-0.40654,-0.165191,0.0017086
0.551349,-0.386482,-0.361515,-0.154675,0.00207143
0.58347,-0.382954,-0.388452,-0.207096,0.000328332
1.13616,-0.0401253,-1.12337,-0.165185,0.225392
1.15171,0.0172567,-1.13784,-0.17739,0.00261581
1.11737,-0.0654879,-1.08884,-0.24217,0.0026229
1.13422,-0.0101043,-1.10412,-0.259394,0.00327572
1.12278,-0.0693364,-1.10281,-0.199136,0.00056498
1.15115,0.0358739,-1.12836,-0.225066,0.00236883
0.281498,0.0797103,-0.0271206,-0.268611,0.020243
0.285635,0.0314982,-0.0416754,-0.280817,0.0279839
0.241232,0.092675,-0.00902017,-0.222537,0.0151021
0.202934,0.0540483,-0.0062474,-0.195504,0.0248441
0.295237,-0.0936594,-0.0826678,-0.267505,0.0205481
0.244778,-0.0882614,-0.061162,-0.219967,0.0196395
0.297293,-0.0150496,-0.0600091,-0.290785,0.0031247
0.251666,-0.00566429,-0.038761,-0.248599,0.0160882
0.319183,-0.0554588,-0.0823725,-0.303343,0.00456348
0.195715,-0.0777972,-0.0426177,-0.174458,0.0506159
0.146012,-0.0637339,-0.0271117,-0.12854,0.00195961
0.161082,0.0179647,-0.00603686,-0.159963,0.0442557
0.122568,0.0392598,0.00676051,-0.115914,1.43121
0.124113,-0.00998864,-0.00720879,-0.1235,0.864538
0.20415,0.00479989,-0.0202167,-0.20309,0.0179581
0.220505,-0.0417479,-0.0385504,-0.213058,0.0876953
1.06808,0.10265,-0.993179,0.379278,0.00188503
1.05352,0.137084,-0.958043,0.41626,0.0100636
1.13061,0.367039,-1.0308,0.284635,0.00256908
1.14234,0.336548,-1.06063,0.258332,0.0191907
1.11099,0.354991,-0.999871,0.329446,0.00118432
1.1409,0.289595,-1.07189,0.26239,0.00200869
1.12374,0.266224,-1.04732,0.308279,0.00194094
1.13719,0.237238,-1.0794,0.268006,0.0148269
1.10888,0.302557,-1.01053,0.341917,0.0087053
1.10444,0.2502,-1.01804,0.347534,0.00235344
1.09219,0.338967,-0.970591,0.368701,0.00207016
1.06554,0.311779,-0.932068,0.411613,0.00236055
1.11543,0.0859177,-1.079,0.269391,0.00362876
1.12428,0.134437,-1.08311,0.269856,0.00724923
1.0906,0.136707,-1.02325,0.351701,0.00320023
1.11216,0.16053,-1.0548,0.313885,0.00129512
1.09859,0.190044,-1.02327,0.351712,0.0501317
1.08257,0.0731365,-1.0247,0.341451,0.00652794
1.09635,0.0520209,-1.05402,0.297208,0.00124729
1.01535,0.317963,-0.766921,-0.584522,0.00319401
1.04143,0.340463,-0.808077,-0.56185,0.00178793
1.01492,0.270918,-0.778255,-0.592435,0.00350004
1.03595,0.248987,-0.82275,-0.578174,0.00216337
1.06013,0.277877,-0.860895,-0.552739,0.00433418
1.06308,0.32633,-0.853948,-0.542606,0.00193215
1.01391,0.198321,-0.873714,0.474672,0.021763
1.0336,0.168403,-0.916247,0.447738,0.00285204
1.00996,0.258997,-0.851732,0.47697,0.0020153
1.05765,0.197539,-0.949924,0.421006,0.00173143
1.04021,0.282942,-0.895507,0.447269,0.00221084
1.06423,0.257695,-0.944689,0.416827,0.0135726
0.583728,0.402371,-0.212086,0.365863,0.00192226
0.844124,0.735967,-0.412168,-0.0318653,0.00274093
0.819009,0.72414,-0.375629,-0.0727997,0.000793516
0.645165,0.61445,-0.186133,-0.0635868,0.00533228
0.562295,0.0274993,-0.301659,0.473731,0.00562367
0.143315,0.139909,0.0220356,-0.0218859,0.177965
0.100019,0.0912809,0.0184572,-0.0364828,0.272654
0.221739,-0.197986,-0.098307,-0.0174788,0.0245556
0.261657,-0.222719,-0.116677,-0.0724357,0.0334006
0.922798,-0.373414,-0.841967,-0.0566426,0.00195318
0.903488,-0.385187,-0.817088,-0.0170172,0.000880779
0.694763,-0.435797,-0.538549,-0.0523592,0.00663879
0.716311,-0.43685,-0.567461,-0.0158784,0.000907627
0.924851,0.724099,-0.528104,-0.228335,0.00173368
0.917961,0.528615,-0.549152,-0.511517,0.00255535
0.94534,0.502971,-0.598449,-0.53155,0.00456972
0.895594,0.318218,-0.566704,-0.616175,0.00232971
0.960111,0.315499,-0.750924,0.508318,0.00277872
0.867345,0.385308,-0.583503,0.513177,0.00441217
0.962427,0.682582,-0.634096,0.241388,0.00165712
0.382008,0.372277,-0.0175665,-0.0838542,0.00234481
0.344261,0.328717,-0.00399898,-0.1022,0.0114618
0.398466,0.373066,-0.0235743,-0.137989,0.00218417
0.550433,0.525605,-0.108257,-0.122457,0.00424107
0.466337,0.433693,-0.0786052,0.152322,0.00181162
0.490642,0.437666,-0.101226,0.197311,0.00470778
1.15566,0.173032,-1.09131,-0.33861,0.00334642
1.08258,0.134684,-0.947686,-0.505695,0.00251189
0.99369,0.744104,-0.643513,-0.140068,0.0011277
1.13246,0.624547,-0.944575,0.0136248,0.00159629
1.1268,0.625383,-0.935116,0.0642199,0.000868276
1.11875,0.613032,-0.928101,0.120049,0.00171401
1.19448,0.30066,-1.15143,-0.102961,0.00186255
1.19094,0.226624,-1.16376,-0.112481,0.000849537
1.19462,0.368996,-1.13199,-0.0978283,0.00218379
0.821086,-0.0908311,-0.571335,-0.582674,0.0026998
0.935622,-0.230168,-0.797009,-0.432651,0.00592606
0.962372,-0.229321,-0.841057,-0.40767,0.00166309
0.911577,-0.228416,-0.754021,-0.458531,0.00145203
0.982723,-0.228607,-0.880539,-0.371666,0.0137758
0.520096,-0.254898,-0.330095,0.310747,0.0114218
0.696466,-0.271141,-0.525458,0.368024,0.00536783
0.723564,-0.297259,-0.563312,0.343309,0.00299329
0.658929,0.162079,-0.370311,0.520372,0.00723631
0.39474,0.193092,-0.105843,0.327616,0.00501544
0.818612,0.395527,-0.4323,-0.571665,0.00312017
1.1308,0.533212,-0.94185,-0.327601,0.00162934
0.993377,0.00932581,-0.817377,-0.564452,0.00531987
0.721169,-0.431162,-0.577342,0.0293475,0.00406937
0.882266,-0.394034,-0.789158,0.0189853,0.00216702
0.83353,-0.188062,-0.689355,0.429178,0.0013008
0.296827,-0.234025,-0.134747,-0.123215,0.0189108
0.509534,-0.371745,-0.322293,-0.132503,0.00210345
0.523627,-0.38745,-0.340381,-0.0905981,0.00103688
0.466749,0.191971,-0.106054,-0.412013,0.0285143
0.479276,-0.11302,-0.202776,-0.419302,0.00142638
0.270834,-0.21414,-0.131894,0.100495,0.013274
0.734122,-0.321474,-0.583192,0.308993,0.00314382
0.737987,0.600802,-0.326774,0.277274,0.00138394
0.742438,0.625498,-0.323343,0.235406,0.00134832
0.958719,0.1747,-0.707293,-0.623185,0.00248727
0.961907,0.22457,-0.697515,-0.623142,0.00147606
1.06978,0.70685,-0.786915,-0.159882,0.00160424
1.18704,0.431904,-1.10017,-0.110287,0.00156713
0.685508,-0.0579237,-0.46381,0.501444,0.00379352
0.109353,0.0723099,0.0146775,-0.0807088,0.575334
0.331601,0.00168218,-0.118601,0.309661,0.00115624
1.1826,0.246384,-1.1312,-0.241325,0.00281702
1.05235,0.620439,-0.763814,-0.372948,0.00100157
1.02847,0.565056,-0.73112,-0.45158,0.00159014
1.04126,0.590207,-0.750682,-0.415159,0.00103858
0.893078,-0.205662,-0.7173,-0.490686,0.00279182
0.955277,-0.293919,-0.890345,0.182897,0.00117188
0.941035,0.0913335,-0.784157,0.512156,0.00136795
0.604666,-0.371493,-0.437275,0.1908,0.00145481
0.576323,-0.36244,-0.373699,-0.247254,0.00287337
0.0956275,-0.0424388,-0.0143143,-0.0844907,0.983324
1.13193,0.187774,-1.08314,0.269867,0.00295211
1.083,0.226377,-0.986485,0.38535,0.00222484
0.548911,-0.40055,-0.371414,-0.0539881,0.00543484
0.936224,0.2555,-0.732051,0.524725,0.000898708
0.918892,0.217161,-0.712584,0.537985,0.00174015
0.591794,0.204046,-0.210856,-0.513931,0.00274646
0.302213,0.282055,0.00545746,-0.108389,0.00427793
0.529512,0.448158,-0.137448,0.246262,0.00137182
0.478875,-0.0522948,-0.245751,0.407668,0.0119288
0.528499,-0.0237812,-0.281683,0.446542,0.00320964
0.824182,-0.300482,-0.699391,0.315972,0.00174636
0.970378,0.487306,-0.645612,-0.536052,0.0120579
0.980855,-0.0381072,-0.809918,-0.551958,0.00230889
0.455252,0.413097,-0.0529823,-0.183842,0.00394859
0.804745,0.710843,-0.357474,-0.120535,0.00259559
0.901747,0.17323,-0.699149,0.542522,0.0157081
0.573074,-0.0141286,-0.324862,0.471889,0.00527055
